[
{
    "model": "trade_currency.tradepairs",
    "pk": "7c9e9940-3ceb-47fb-8fb5-2202af597085",
    "fields": {
        "created_on": "2021-08-30T08:10:32.866",
        "created_by": 1,
        "modified_on": "2021-10-08T16:54:49.097",
        "modified_by": 1,
        "from_symbol": "a20d2c15-4c34-4e63-b7ef-6ab512b4c3d6",
        "two_symbol": "f6652a12-65f4-463b-8af6-e3b173a8b773",
        "pair_name": "BTC/USD",
        "pair_url": "BTC_USD",
        "maker_fees": "0E-8",
        "taker_fees": "0E-8",
        "referal_fees": "0E-8",
        "min_amount": "0E-8",
        "min_price": "0E-8",
        "max_price": "0E-8",
        "margin_min_price": "0E-8",
        "margin_max_price": "0E-8",
        "margin_loan_duration": 0,
        "margin_loan_rate": 0,
        "last_price": "100.00000000",
        "change_price": "0E-8",
        "volume_price": "0E-8",
        "high_price": "0E-8",
        "low_price": "0E-8",
        "status": 0,
        "min_withdraw": "0E-8",
        "buylimit": 0,
        "selllimit": 0
    }
},
{
    "model": "trade_currency.tradepairs",
    "pk": "ae5aa9e7-57e0-41f8-be11-d87fbc38caa0",
    "fields": {
        "created_on": "2021-09-28T05:31:53.724",
        "created_by": 1,
        "modified_on": "2021-10-07T07:28:55.248",
        "modified_by": 1,
        "from_symbol": "508bd21e-615d-4089-926e-f429af2635ff",
        "two_symbol": "f6652a12-65f4-463b-8af6-e3b173a8b773",
        "pair_name": "ETH/USD",
        "pair_url": "ETH_USD",
        "maker_fees": "0E-8",
        "taker_fees": "0E-8",
        "referal_fees": "0E-8",
        "min_amount": "0E-8",
        "min_price": "0E-8",
        "max_price": "0E-8",
        "margin_min_price": "0E-8",
        "margin_max_price": "0E-8",
        "margin_loan_duration": 0,
        "margin_loan_rate": 0,
        "last_price": "3531.98000000",
        "change_price": "0E-8",
        "volume_price": "0E-8",
        "high_price": "0E-8",
        "low_price": "0E-8",
        "status": 0,
        "min_withdraw": "0E-8",
        "buylimit": 0,
        "selllimit": 0
    }
},
{
    "model": "trade_currency.tradepairs",
    "pk": "f7a1b81d-ab09-46ed-ba5e-caee78212a33",
    "fields": {
        "created_on": "2021-09-28T05:32:25.497",
        "created_by": 1,
        "modified_on": "2021-10-08T05:36:15.589",
        "modified_by": 1,
        "from_symbol": "c7134e2c-eeeb-4d74-a423-bafbddda39ef",
        "two_symbol": "f6652a12-65f4-463b-8af6-e3b173a8b773",
        "pair_name": "HBD/USD",
        "pair_url": "HBD_URL",
        "maker_fees": "0E-8",
        "taker_fees": "0E-8",
        "referal_fees": "0E-8",
        "min_amount": "0E-8",
        "min_price": "0E-8",
        "max_price": "0E-8",
        "margin_min_price": "0E-8",
        "margin_max_price": "0E-8",
        "margin_loan_duration": 0,
        "margin_loan_rate": 0,
        "last_price": "1.00000000",
        "change_price": "0E-8",
        "volume_price": "0E-8",
        "high_price": "0E-8",
        "low_price": "0E-8",
        "status": 0,
        "min_withdraw": "0E-8",
        "buylimit": 0,
        "selllimit": 0
    }
}
]
