[
{
    "model": "trade_currency.tradecurrency",
    "pk": "508bd21e-615d-4089-926e-f429af2635ff",
    "fields": {
        "created_on": "2021-09-28T05:30:50.407",
        "created_by": 1,
        "modified_on": "2021-10-07T07:28:55.303",
        "modified_by": 1,
        "name": "Ethereum",
        "symbol": "ETH",
        "currency_label": "ethereum",
        "currency_symbol": "eth",
        "currncytype": 0,
        "status": 0,
        "min_withdraw": "0E-8",
        "max_withdraw": "0E-8",
        "min_deposit": "0E-8",
        "max_deposi": "0E-8",
        "withdraw_feestype": 0,
        "withdraw_fees": "0E-8",
        "currency_image": "currencyimage/icon8.png",
        "deposit_status": 0,
        "withdraw_status": 0,
        "deposit_content": null,
        "withdraw_content": null,
        "deposit_maintenance": null,
        "withdraw_maintenance": null,
        "deposit_alert": null,
        "withdraw_alert": null,
        "alert_deposit": false,
        "usd_value": "3531.98000000",
        "big_image": "",
        "lend_status": 0,
        "lending_min": "0.00",
        "trans_min": "0.00",
        "lend_duration": 0,
        "lend_loanrate": 0,
        "balance_minimum": 0,
        "depositcontent_one": null,
        "depositcontent_two": null,
        "depositcontent_three": null,
        "withdrawcontent_one": null,
        "withdrawcontent_two": null,
        "countryname": null
    }
},
{
    "model": "trade_currency.tradecurrency",
    "pk": "a20d2c15-4c34-4e63-b7ef-6ab512b4c3d6",
    "fields": {
        "created_on": "2021-08-30T08:06:08.526",
        "created_by": 1,
        "modified_on": "2021-10-07T07:28:55.017",
        "modified_by": 1,
        "name": "BTC",
        "symbol": "BTC",
        "currency_label": "bitcoin",
        "currency_symbol": "btc",
        "currncytype": 0,
        "status": 0,
        "min_withdraw": "0E-8",
        "max_withdraw": "0E-8",
        "min_deposit": "0E-8",
        "max_deposi": "0E-8",
        "withdraw_feestype": 0,
        "withdraw_fees": "0E-8",
        "currency_image": "currencyimage/BTC.png",
        "deposit_status": 0,
        "withdraw_status": 0,
        "deposit_content": null,
        "withdraw_content": null,
        "deposit_maintenance": null,
        "withdraw_maintenance": null,
        "deposit_alert": null,
        "withdraw_alert": null,
        "alert_deposit": false,
        "usd_value": "54566.00000000",
        "big_image": "",
        "lend_status": 0,
        "lending_min": "0.00",
        "trans_min": "0.00",
        "lend_duration": 0,
        "lend_loanrate": 0,
        "balance_minimum": 0,
        "depositcontent_one": null,
        "depositcontent_two": null,
        "depositcontent_three": null,
        "withdrawcontent_one": null,
        "withdrawcontent_two": null,
        "countryname": null
    }
},
{
    "model": "trade_currency.tradecurrency",
    "pk": "c7134e2c-eeeb-4d74-a423-bafbddda39ef",
    "fields": {
        "created_on": "2021-08-30T08:09:21.918",
        "created_by": 1,
        "modified_on": "2021-10-07T07:28:55.413",
        "modified_by": 1,
        "name": "HBD",
        "symbol": "HBD",
        "currency_label": null,
        "currency_symbol": null,
        "currncytype": 0,
        "status": 0,
        "min_withdraw": "0E-8",
        "max_withdraw": "0E-8",
        "min_deposit": "0E-8",
        "max_deposi": "0E-8",
        "withdraw_feestype": 0,
        "withdraw_fees": "0E-8",
        "currency_image": "",
        "deposit_status": 0,
        "withdraw_status": 0,
        "deposit_content": null,
        "withdraw_content": null,
        "deposit_maintenance": null,
        "withdraw_maintenance": null,
        "deposit_alert": null,
        "withdraw_alert": null,
        "alert_deposit": false,
        "usd_value": "0E-8",
        "big_image": "",
        "lend_status": 0,
        "lending_min": "0.00",
        "trans_min": "0.00",
        "lend_duration": 0,
        "lend_loanrate": 0,
        "balance_minimum": 0,
        "depositcontent_one": null,
        "depositcontent_two": null,
        "depositcontent_three": null,
        "withdrawcontent_one": null,
        "withdrawcontent_two": null,
        "countryname": null
    }
},
{
    "model": "trade_currency.tradecurrency",
    "pk": "f6652a12-65f4-463b-8af6-e3b173a8b773",
    "fields": {
        "created_on": "2021-08-30T08:09:06.232",
        "created_by": 1,
        "modified_on": "2021-08-30T08:09:06.232",
        "modified_by": 1,
        "name": "USD",
        "symbol": "USD",
        "currency_label": "usd",
        "currency_symbol": "usd",
        "currncytype": 1,
        "status": 0,
        "min_withdraw": "0E-8",
        "max_withdraw": "0E-8",
        "min_deposit": "0E-8",
        "max_deposi": "0E-8",
        "withdraw_feestype": 0,
        "withdraw_fees": "0E-8",
        "currency_image": "",
        "deposit_status": 0,
        "withdraw_status": 0,
        "deposit_content": null,
        "withdraw_content": null,
        "deposit_maintenance": null,
        "withdraw_maintenance": null,
        "deposit_alert": null,
        "withdraw_alert": null,
        "alert_deposit": false,
        "usd_value": "0E-8",
        "big_image": "",
        "lend_status": 0,
        "lending_min": "0.00",
        "trans_min": "0.00",
        "lend_duration": 0,
        "lend_loanrate": 0,
        "balance_minimum": 0,
        "depositcontent_one": null,
        "depositcontent_two": null,
        "depositcontent_three": null,
        "withdrawcontent_one": null,
        "withdrawcontent_two": null,
        "countryname": null
    }
}
]
