[
{
    "model": "auth.user",
    "pk": 1,
    "fields": {
        "password": "pbkdf2_sha256$150000$iI1WtrNym0f3$b8tT1ogLL3LU95MVClYwxOJVIE/zVPUCfux8na6ozJE=",
        "last_login": "2021-10-09T17:11:00.272",
        "is_superuser": true,
        "username": "admin",
        "first_name": "",
        "last_name": "",
        "email": "admin@hotbitdeal.com",
        "is_staff": true,
        "is_active": true,
        "date_joined": "2021-10-09T13:21:26.439",
        "groups": [],
        "user_permissions": []
    }
}
]
